{"samples": {"700615_0": {"trees": ["CollectionTree"], "files": ["/storage/shared/data/PHYSLITEforML/mc21_13p6TeV.700615.Sh_2212_Zee_maxHTpTV2_BFilter.deriv.DAOD_PHYSLITE.e8462_s3873_r13829_p5631/DAOD_PHYSLITE.33081281._000001.pool.root.1"], "metadata": {"xsec": 2336.6, "genFiltEff": 0.02559429, "kFactor": 1.0, "category": "Zee_nom", "sow": 111772347289.09326, "lumi": 1000.0, "scalef": 5.350484217650105e-07, "relUncertUP": 0.0, "relUncertDOWN": 0.0}}, "700615_1": {"trees": ["CollectionTree"], "files": ["/storage/shared/data/PHYSLITEforML/mc21_13p6TeV.700615.Sh_2212_Zee_maxHTpTV2_BFilter.deriv.DAOD_PHYSLITE.e8462_s3873_r13829_p5631/DAOD_PHYSLITE.33081288._000027.pool.root.1"], "metadata": {"xsec": 2336.6, "genFiltEff": 0.02559429, "kFactor": 1.0, "category": "Zee_nom", "sow": 298273844573.31506, "lumi": 1000.0, "scalef": 2.004990350379193e-07, "relUncertUP": 0.0, "relUncertDOWN": 0.0}}, "700615_2": {"trees": ["CollectionTree"], "files": ["/storage/shared/data/PHYSLITEforML/mc21_13p6TeV.700615.Sh_2212_Zee_maxHTpTV2_BFilter.deriv.DAOD_PHYSLITE.e8462_s3873_r13829_p5631/DAOD_PHYSLITE.33081281._000002.pool.root.1"], "metadata": {"xsec": 2336.6, "genFiltEff": 0.02559429, "kFactor": 1.0, "category": "Zee_nom", "sow": 104868896086.29291, "lumi": 1000.0, "scalef": 5.70270311273132e-07, "relUncertUP": 0.0, "relUncertDOWN": 0.0}}, "700615_3": {"trees": ["CollectionTree"], "files": ["/storage/shared/data/PHYSLITEforML/mc21_13p6TeV.700615.Sh_2212_Zee_maxHTpTV2_BFilter.deriv.DAOD_PHYSLITE.e8462_s3873_r13829_p5631/DAOD_PHYSLITE.33081281._000003.pool.root.1"], "metadata": {"xsec": 2336.6, "genFiltEff": 0.02559429, "kFactor": 1.0, "category": "Zee_nom", "sow": 113799481010.3872, "lumi": 1000.0, "scalef": 5.255174934281232e-07, "relUncertUP": 0.0, "relUncertDOWN": 0.0}}, "700615_4": {"trees": ["CollectionTree"], "files": ["/storage/shared/data/PHYSLITEforML/mc21_13p6TeV.700615.Sh_2212_Zee_maxHTpTV2_BFilter.deriv.DAOD_PHYSLITE.e8462_s3873_r13829_p5631/DAOD_PHYSLITE.33081288._000031.pool.root.1"], "metadata": {"xsec": 2336.6, "genFiltEff": 0.02559429, "kFactor": 1.0, "category": "Zee_nom", "sow": 326624989725.7129, "lumi": 1000.0, "scalef": 1.8309565983980825e-07, "relUncertUP": 0.0, "relUncertDOWN": 0.0}}}}